<?xml version="1.0" encoding="UTF-8"?>
<project-private xmlns="http://www.netbeans.org/ns/project-private/1">
    <editor-bookmarks xmlns="http://www.netbeans.org/ns/editor-bookmarks/2" lastBookmarkId="0"/>
    <open-files xmlns="http://www.netbeans.org/ns/projectui-open-files/2">
        <group>
            <file>file:/C:/xampp5.6/htdocs/project/Admin/addsymptoms.php</file>
            <file>file:/C:/xampp5.6/htdocs/project/Admin/process/addageprocess.php</file>
            <file>file:/C:/xampp5.6/htdocs/project/Admin/adddiseases.php</file>
            <file>file:/C:/xampp5.6/htdocs/project/Admin/addage.php</file>
            <file>file:/C:/xampp5.6/htdocs/project/Admin/process/selectbodyarea.php</file>
            <file>file:/C:/xampp5.6/htdocs/project/Admin/dashboard.php</file>
            <file>file:/C:/xampp5.6/htdocs/project/Admin/test.php</file>
        </group>
    </open-files>
</project-private>
